Name,Fecha,Método de Pago,Precio (COP),Solo Carlos
Chocolatería San Ginés,"September 28, 2024",T. Crédito,"COP 28,238.00",No
Holafly E-SIM,"September 27, 2024",T. Crédito,"COP 272,294.00",Yes
Starbucks Gran Via,"September 28, 2024",T. Crédito,"COP 26,802.00",No
Tierra Opera,"September 28, 2024",T. Crédito,"COP 62,924.00",No
SumUp Jorge Fernando Mu (El Rastro),"September 29, 2024",T. Crédito,"COP 95,724.00",No
Decoam Dcm Socio,"September 29, 2024",T. Crédito,"COP 29,728.00",No
Mercado Futuro,"September 29, 2024",T. Crédito,"COP 31,110.00",No
Alcachofas Fritas S L,"September 29, 2024",T. Crédito,"COP 31,110.00",No
El De San Miguel,"September 29, 2024",T. Crédito,"COP 16,751.00",No
Arzabal,"September 29, 2024",T. Crédito,"COP 172,300.00",No
Día San Miguel,"September 29, 2024",T. Crédito,"COP 9,237.00",No
Montaditos Princesa,"September 29, 2024",T. Crédito,"COP 38,289.00",No
Sugoi Station SL,"September 29, 2024",T. Crédito,"COP 14,864.00",Yes
Yoye Informática,"September 29, 2024",T. Crédito,"COP 38,289.00",Yes
La Dehesa De Santo Domingo,"September 29, 2024",T. Crédito,"COP 53,126.00",No
Cafetería Magerit,"September 29, 2024",T. Crédito,"COP 148,372.00",No
Tiendra Madrid Mayor,"September 29, 2024",T. Crédito,"COP 14,837.00",No
Fototour Rmcf,"September 29, 2024",T. Crédito,"COP 71,793.00",Yes
Malvon Bernabeu,"September 29, 2024",T. Crédito,"COP 34,970.00",Yes
Five Guys Spain SL,"September 29, 2024",T. Crédito,"COP 117,501.00",No
Riu P Espana tickets Entr,"October 1, 2024",T. Crédito,"COP 47,614.00",No
Mundo Anna,"October 1, 2024",T. Crédito,"COP 23,807.00",No
Sugoi Station Sl,"October 1, 2024",T. Crédito,"COP 47,376.00",Yes
Tiendra Madrid Mayor,"October 1, 2024",T. Crédito,"COP 153,080.00",No
Toto E Peppino,"October 1, 2024",T. Crédito,"COP 176,173.00",No
Primark,"October 1, 2024",T. Crédito,"COP 66,660.00",Yes
Beer Station,"October 1, 2024",T. Crédito,"COP 114,036.00",No
Taxi,"October 1, 2024",T. Crédito,"COP 156,758.00",No
Bar Ducale,"October 2, 2024",T. Crédito,"COP 23,751.00",No
Rossopomodoro,"October 2, 2024",T. Crédito,"COP 208,061.00",Yes
Me Ga One Sn,"October 2, 2024",T. Crédito,"COP 45,373.00",No
Pasticceria Italo Divodi,"October 2, 2024",T. Crédito,"COP 62,090.00",No
Librería Acqua Alta D,"October 3, 2024",T. Crédito,"COP 76,418.00",No
Pasta Espresso Go,"October 3, 2024",T. Crédito,"COP 76,418.00",No
Bd Souvenir Di Abu Musa,"October 4, 2024",T. Crédito,"COP 94,796.00",No
R Culto Chiosco,"October 4, 2024",T. Crédito,"COP 117,547.00",No
Eu Tourism Srls,"October 4, 2024",T. Crédito,"COP 85,316.00",No
Ristorante Pizzeria Tiziano,"October 4, 2024",T. Crédito,"COP 184,853.00",No
Bibliobar,"October 5, 2024",T. Crédito,"COP 21,275.00",No
Caffe Roma Sas,"October 5, 2024",T. Crédito,"COP 23,639.00",No
Sun,"October 5, 2024",T. Crédito,"COP 104,012.00",No
Mc Donald,"October 6, 2024",T. Crédito,"COP 32,149.00",No
Ristorante Venerina,"October 6, 2024",T. Crédito,"COP 179,657.00",Yes
Cremi Srl,"October 6, 2024",T. Crédito,"COP 23,591.00",No
Ristorante Julie S,"October 6, 2024",T. Crédito,"COP 108,749.00",Yes
Ombre Rosse Caffe,"October 7, 2024",T. Crédito,"COP 177,293.00",No
Uniqlo Termini,"October 7, 2024",T. Crédito,"COP 283,670.00",Yes
Pam Local,"October 7, 2024",T. Crédito,"COP 70,917.00",No
La Torre Ristorante,"October 8, 2024",T. Crédito,"COP 35,079.00",No
Ristoro Pecorino (Restaurante de Pisa),"October 8, 2024",T. Crédito,"COP 169,786.00",Yes
Lungarno Mini Market,"October 8, 2024",T. Crédito,"COP 14,031.00",No
Rossopomodoro Rm Stazio,"October 8, 2024",T. Crédito,"COP 39,757.00",Yes
Pam Local,"October 8, 2024",T. Crédito,"COP 42,095.00",No
Hotel Galileo,"October 8, 2024",T. Crédito,"COP 296,498.00",No
Farmacrimi Stazione T,"October 8, 2024",T. Crédito,"COP 60,711.00",No
Farmacrimi Stazione T,"October 8, 2024",T. Crédito,"COP 60,644.00",Yes
Atac Tap Go,"October 9, 2024",T. Crédito,"COP 7,059.00",Yes
Service Navigo,"October 9, 2024",T. Crédito,"COP 81,654.00",No
Bk Opera,"October 9, 2024",T. Crédito,"COP 119,540.00",No
Hotel Tilsitt,"October 9, 2024",T. Crédito,"COP 244,728.00",No
Pb France,"October 10, 2024",T. Crédito,"COP 53,127.00",No
Sumup Kiosque A Journau,"October 10, 2024",T. Crédito,"COP 71,153.00",Yes
Sunday La Creme De Paris,"October 10, 2024",T. Crédito,"COP 215,784.00",Yes
Rest Tour Eiffe,"October 10, 2024",T. Crédito,"COP 218,203.00",Yes
T Eiffel,"October 10, 2024",T. Crédito,"COP 290,210.00",Yes
Rest Tour Eiffe,"October 10, 2024",T. Crédito,"COP 30,631.00",Yes
"Ejb Distribution (CARREFOUR EXPRESS, 46 RUE DES ACACIAS 75017 PARIS 17)","October 10, 2024",T. Crédito,"COP 122,099.00",No
Mc Donald S Farw,"October 11, 2024",T. Crédito,"COP 39,740.00",No
Chateau De Versa,"October 11, 2024",T. Crédito,"COP 94,620.00",No
Mc Donald S Farw,"October 11, 2024",T. Crédito,"COP 70,965.00",No
Cote Soleil (Sindy?),"October 11, 2024",T. Crédito,"COP 223,305.00",Yes
Ep Reunion Musees Nat Gd,"October 12, 2024",T. Crédito,"COP 51,366.00",No
Duck Store,"October 12, 2024",T. Crédito,"COP 30,631.00",Yes
Bhv Marais Rivol (Perfumes en Hotel de Ville),"October 12, 2024",T. Crédito,"COP 357,212.00",Yes
Mc Donald S,"October 12, 2024",T. Crédito,"COP 40,528.00",No
Sc Lib Shakespe,"October 12, 2024",T. Crédito,"COP 86,711.00",Yes
Centre Des Monuments Nati,"October 12, 2024",T. Crédito,"COP 154,100.00",Yes
Les Etoiles,"October 12, 2024",T. Crédito,"COP 110,745.00",No
Adp Basilique Sc,"October 13, 2024",T. Crédito,"COP 9,425.00",No
Oeuvre Voeu Nat,"October 13, 2024",T. Crédito,"COP 1,137.00",No
Oeuvre Voeu Nat,"October 13, 2024",T. Crédito,"COP 14,137.00",No
Les Grenouilles,"October 13, 2024",T. Crédito,"COP 37,700.00",No
Scd Montmartre,"October 13, 2024",T. Crédito,"COP 41,941.00",No
Bisc Montmartre,"October 13, 2024",T. Crédito,"COP 46,654.00",No
Civitatis Tours,"October 13, 2024",T. Crédito,"COP 164,736.00",Yes
Service Navigo,"October 13, 2024",T. Crédito,"COP 81,762.00",No
Les Etoiles,"October 13, 2024",T. Crédito,"COP 101,320.00",No
Sc Bistrot Tour,"October 13, 2024",T. Crédito,"COP 73,044.00",No
Mcdonald S,"October 14, 2024",T. Crédito,"COP 22,855.00",No
Sumup Taxi Reda,"October 14, 2024",T. Crédito,"COP 240,340.00",No
Nyx Abservicioselectae,"October 14, 2024",T. Crédito,"COP 14,137.00",No
Aeropuerto,"October 14, 2024",T. Crédito,"COP 125,118.00",No
Aerovias Del Continente (Avianca),"October 15, 2024",T. Crédito,"COP 936,920.00",No
Dogger,"October 15, 2024",T. Crédito,"COP 47,000.00",Yes
