Name,Fecha,Método de Pago,Precio (COP)
Montaditos,"September 29, 2024",T. Crédito,"COP 9,572.00"
Majid C. La Dolorosa,"September 29, 2024",T. Crédito,"COP 49,663.00"
Tienda Alimentación C.,"September 29, 2024",T. Crédito,"COP 8,136.00"
Souvenirs Contreras,"September 30, 2024",T. Crédito,"COP 4,995.00"
Starbucks,"October 1, 2024",T. Crédito,"COP 25,283.00"
Sugoi Station,"October 1, 2024",T. Crédito,"COP 24,226.00"
Mundo Anna C. Felipe III,"October 1, 2024",T. Crédito,"COP 47,183.00"
Regalos Souvenir,"October 1, 2024",T. Crédito,"COP 49,828.00"
Tienda Madrid Mayor (Turrones),"October 1, 2024",T. Crédito,"COP 132,129.00"
Primark,"October 1, 2024",T. Crédito,"COP 42,852.00"
Primark,"October 1, 2024",T. Crédito,"COP 270,449.00"
APT. RIC. Bagagli TVM. (Alilaguna Tickets,"October 2, 2024",T. Crédito,"COP 256,928.00"
Zara,"October 2, 2024",T. Crédito,"COP 109,908.00"
Ferro Simone San Marco,"October 2, 2024",T. Crédito,"COP 47,579.00"
Bar Ducale San Marco,"October 2, 2024",T. Crédito,"COP 9,515.00"
R058 Culto darsena,"October 2, 2024",T. Crédito,"COP 36,636.00"
Aerop. Adolfo Suarez,"October 2, 2024",T. Crédito,"COP 26,882.00"
Pasta Espresso Go Sestiere,"October 3, 2024",T. Crédito,"COP 31,045.00"
Zara,"October 3, 2024",T. Crédito,"COP 190,808.00"
Braccio Carlo Magno Unk,"October 5, 2024",T. Crédito,"COP 23,639.00"
Bibliobar Lungotevere,"October 5, 2024",T. Crédito,"COP 4,727.00"
Termini B Dir Laur Piazza D,"October 5, 2024",T. Crédito,"COP 21,275.00"
Termini B Dir Laur Piazza D,"October 5, 2024",T. Crédito,"COP 21,275.00"
La Foglia Sas Di M E Via D,"October 5, 2024",T. Crédito,"COP 42,550.00"
http://Fe.Ma SRL Viale Vaticano,"October 5, 2024",T. Crédito,"COP 46,805.00"
Caffé Roma Sas Piazza Tr,"October 5, 2024",T. Crédito,"COP 28,366.00"
C.S 2010 S.R.L Via Della C,"October 6, 2024",T. Crédito,"COP 82,737.00"
Tiger Italia 1 SRL PZA D CI,"October 6, 2024",T. Crédito,"COP 15,365.00"
Flaminio 35 Via AlbertFer,"October 6, 2024",T. Crédito,"COP 21,275.00"
Flaminio 35 Via Alberto Fer,"October 6, 2024",T. Crédito,"COP 21,275.00"
Cremi Srl Stazione Roma Ter,"October 6, 2024",T. Crédito,"COP 7,044.00"
Mc Donald Via Delle Muratt,"October 6, 2024",T. Crédito,"COP 8,037.00"
Dhaly Shohag Di Largo Vi,"October 7, 2024",T. Crédito,"COP 89,828.00"
Elisa Trastevere Via,"October 7, 2024",T. Crédito,"COP 21,275.00"
Lessandro Ruver Ditta V,"October 7, 2024",T. Crédito,"COP 7,091.00"
Antico Caffé Dellís Via,"October 7, 2024",T. Crédito,"COP 23,639.00"
Ovs Corso Italia 118 120,"October 8, 2024",T. Crédito,"COP 46,717.00"
Toilets Giolitti Via Giovan,"October 8, 2024",T. Crédito,"COP 4,676.00"
Pisa Centro Super Mark Vial,"October 8, 2024",T. Crédito,"COP 23,382.00"
Al Mudina Di Uddin Sha Via,"October 8, 2024",T. Crédito,"COP 65,470.00"
Clean service Srl Via Alb,"October 8, 2024",T. Crédito,"COP 9,352.00"
Aelia duty Free Via G,"October 9, 2024",T. Crédito,"COP 46,592.00"
Atac Tap&Go Via Prenestina,"October 9, 2024",T. Crédito,"COP 7,059.00"
Arteum Services 1 Place De,"October 9, 2024",T. Crédito,"COP 18,589.00"
SumUp *Kiosque a jour 2 Bo,"October 10, 2024",T. Crédito,"COP 114,501.00"
Centre Des Monuments N,"October 10, 2024",T. Crédito,"COP 14,228.00"
Pb France 11 Rue Jea Lanti,"October 10, 2024",T. Crédito,"COP 23,713.00"
Tordjman 2 Rue Beethoven,"October 10, 2024",T. Crédito,"COP 16,599.00"
Petit Farmers Pl De La Con,"October 11, 2024",T. Crédito,"COP 47,310.00"
Boutique Laduree Chateau,"October 11, 2024",T. Crédito,"COP 28,386.00"
Ratp 54 Quai De La Rapee,"October 11, 2024",T. Crédito,"COP 39,267.00"
Ratp Quai De La Rapee,"October 11, 2024",T. Crédito,"COP 39,267.00"
Mc Doanlds 549 184 Rue D,"October 11, 2024",T. Crédito,"COP 11,827.00"
Mia Concept Paris 32 Rue,"October 11, 2024",T. Crédito,"COP 16,493.00"
http://Sc.Cafe Shakesp 37 Rue,"October 12, 2024",T. Crédito,"COP 28,275.00"
Boutique Laduree 99 Rue,"October 12, 2024",T. Crédito,"COP 28,275.00"
CarreFour 77 Rue De Tolb,"October 12, 2024",T. Crédito,"COP 6,833.00"
Musiam16243VaE4,"October 13, 2024",T. Crédito,"COP 30,631.00"
Librarie Des Artist 23 BD,"October 13, 2024",T. Crédito,"COP 32,987.00"
ADP Basilique SC 35 Rue Du,"October 13, 2024",T. Crédito,"COP 9,425.00"
Corsica Breizh 10 Place De,"October 13, 2024",T. Crédito,"COP 37,700.00"
Librairie Des Artist 23 BD,"October 13, 2024",T. Crédito,"COP 9,425.00"
Oeuvre Voeu Nat 35r Rue,"October 13, 2024",T. Crédito,"COP 9,425.00"
Service Navigo 21 Boulev,"October 13, 2024",T. Crédito,"COP 81,762.00"
Oeuvre Voeu Nat 35 Rue,"October 13, 2024",T. Crédito,"COP 23,562.00"
Uber al Hotel,"October 13, 2024",T. Crédito,"COP 57,069.00"
Oeuvre Voeu Nat 35 Rue,"October 13, 2024",T. Crédito,"COP 65,975.00"
Chalet Mickey M AV Charl,"October 14, 2024",T. Crédito,"COP 47,125.00"
Buy Paris Duty BP110,"October 14, 2024",T. Crédito,"COP 29,217.00"
Bateauxparisien Port De La,"October 14, 2024",T. Crédito,"COP 7,461.00"
SC Bistrot Tour 105 Qua,"October 14, 2024",T. Crédito,"COP 42,413.00"
Laduree 408 ORLY AEROGA,"October 14, 2024",T. Crédito,"COP 27,332.00"
Paris Train Tickets,"September 10, 2024",T. Crédito,"COP 82,200.00"
Holafly E-SIM,"August 29, 2024",T. Crédito,"COP 272,294.00"
