Name,Brand,Image,Price,Slug
Jamón De Cerdo x20 (400g),Viandé,,"COP 7,690.00",jamon-de-cerdo-viande-400-grs-12000077
Queso Tajado,Latti,,"COP 8,350.00",
Queso Sabanero Tajado (250g),Latti,,"COP 10,990.00",queso-sabanero-tajado-latti-250-g-12000676
Leche Entera (200ml),Latti,,"COP 1,190.00",leche-entera-tetra-pak-latti-200ml-12003216
Queso Parmesano (100g),Latti,,"COP 6,990.00",queso-parmesano-latti-100-g-12000139
Jamón De Pavo (250g),White Holland,,"COP 9,350.00",jamon-de-pavo-white-holland-250-g-12001190
Salchichas Americanas (430g),Big Bob,,"COP 8,990.00",salchicha-perro-americana-big-bob-430-g-12001607
Arepas De Chocolo x 5 (400g),Masmaí,,"COP 3,290.00",arepa-de-chocolo-5-und-masmai-400-grs-12000024
Queso Gouda Tajado (150g),Muenster,,"COP 7,990.00",queso-muenster-o-gouda-tajado-150-g-12002654
Lomitos De Salmón x5 (454g),Pesqueros,,"COP 9,450.00",lomitos-de-salmon-454-g-12004645
Arepas De Huevo x6 (240g),Toastatas,,"COP 8,490.00",arepa-de-huevo-mini-toastatas-6-und-240g-12003554
Empanadas De Carne x12 (420g),Toastatas,,"COP 8,190.00",empanada-con-carne-toastatas-12-und-420-g-12001916
Chuleta De Cerdo,GSF,,"COP 10,390.00",
Café Instantáneo Descafeinado (85g),Viejo Molino,,"COP 9,150.00",cafe-instantaneo-descafeinado-viejo-molino-85-g-12000490
Nachos Crachos (200g),Sabores Mexicanos,,"COP 2,550.00",
Tóstadas De Plátano (80g),Plataitos,,"COP 4,390.00",patacon-pisao-plataitos-80-g-12000223
Penne (500g),Deliziare,,"COP 3,990.00",penne-deliziare-500-g-12000287
Helados De Goma,Bebeto,,"COP 4,390.00",helados-de-goma-bebeto-150-g-12002438
Choco Chips (115g),Biscolata,,"COP 8,990.00",laminas-de-chocolate-biscolata-chocochips-115-g-12001152
Pan Artesanal (500g),Horneaditos,,"COP 4,990.00",pan-artesanal-horneaditos-500-g-12000800
Pan Tajado Artesanal Integral (500g),Horneaditos,,"COP 6,490.00",pan-tajado-artesanal-integral-horneaditos-500-g-12003160
Tortillas Integrales (250g),Natri,,"COP 3,990.00",tortilla-integral-natri-8-und-250-g-12001257
Jugo De Naranja (1L),Tree Fruts,,"COP 5,190.00",jugo-de-naranja-fresco-tree-fruts-1000-ml-12000380
Jugo de Limón (250ml),Tree Fruts,,"COP 2,990.00",jugo-de-limon-tree-fruts-250-ml-12002197
Jugo de Mandarina (1L),Tree Fruts,,"COP 6,890.00",jugo-de-mandarina-tree-fruts-1000-ml-12000444
Sprite (1750ml),Sprite,,"COP 2,990.00",
Maní (200g),Nuthos,,"COP 3,990.00",mani-salado-nuthos-200-g-12000323
CocaCola (1750ml),Coca Cola,,"COP 5,550.00",gaseosa-coca-cola-1750-ml-12002106
Arándanos (150g),Nuthos,,"COP 6,990.00",arandanos-nuthos-150-g-12000407
Pistachos (70g),Nuthos,,"COP 6,790.00",pistacho-nuthos-70-g-12001121
Huevos x25,Buenasos,,"COP 12,300.00",huevo-tipo-a-sol-naciente-30-und-12000344
Cereal (300g),Fit Graan,,"COP 10,390.00",cereal-de-avena-con-canela-fit-graan-300-g-12000802
Yogurt Griego De Mora,Latti,,"COP 3,850.00",yogurt-griego-mora-latti-160-gr-12003385
Postre De Tres Leches,Don Jacobo,,"COP 4,100.00",postre-tres-leches-86-g-12001898
Flan De Leche (150g),Latti,,"COP 4,100.00",flan-de-leche-con-caramelo-latti-150-g-12000183
Jamón Serrano,Louri Sierra,,"COP 7,990.00",jamon-serrano-lourisierra-80-g-12000480
Tostadas De Mantequilla (100g),Horneaditos,,"COP 2,390.00",tostada-mantequilla-horneaditos-100-g-12000199
Pan De Hamburguesa,Horneaditos,,"COP 2,690.00",pan-hamburguesa-horneaditos-4-und-320-g-12000049
Cerveza (330ml),Bahía,,"COP 1,690.00",cerveza-bahia-330-ml-12002513
Achiras Del Huila,Las Originales,,"COP 6,790.00",achiras-del-huila-120-g-12001107
Vino Tinto Carmenere,Quinta Las Cabras,,"COP 21,990.00",vino-tinto-carmenere-reserva-quinta-las-cabras-750-ml-12000278
Salchichas De Pavo (1.36Kg),Gwaltney Great Dogs,,"COP 41,500.00",292700
Mantequilla De Mani,Member's Selection,,"COP 26,500.00",25018
Filete De Tilapia,Antillana,,"COP 50,288.00",337317
Lomitos De Pechuga De Pollo,Bucanero Pollos,,"COP 57,500.00",384978
Atún En Agua En Lata (170g),Member's Selection,,"COP 32,900.00",320840
Espinaca (500g),Member's Selection,,"COP 7,300.00",359531
Atún En Aceite En Lata (170g),Member's Selection,,"COP 34,500.00",320839
Aceite (900ml),Gourmet,,"COP 20,900.00",aceite-gourmet-familia-multiusos-900ml
Carne Lomo Ancho (1KG),Olímpica,,"COP 42,580.00",res-lomo-ancho-o-chata-sin-hueso-solomo-selecto-24016247
Café Molido (250g),Café Sello Rojo,,"COP 8,870.00",cafe-molido-sello-rojo-250-g-7702032252190--2001737
Galletas Saltín (8 Tacos),Noel,,"COP 9,900.00",galleta-saltin-rojo-taco-x-8-706-g-7702025131426--1093280
Caldo Costilla Ricostilla (126G),Ricostilla,,"COP 5,750.00",caldo-costilla-ricostilla-126g-7702354949525-2184823
Lentejas (500g),Olímpica,,"COP 3,500.00",lenteja-olimpica--500-g-7701008001374-2000171
Maíz Pira (500g),Olímpica,,"COP 2,900.00",maiz-olimpica-pira--500-g-7701008001428-2000100
Frijoles Zaragoza (500g),Olímpica,,"COP 3,850.00",frijol-olimpica-rosado-riego-zaragoza-500-g-7701008001930-16365
Harina De Maíz (1Kg),P.A.N,,"COP 3,400.00",harina-de-maiz-blanco-pan-1-kg-7702084137520--2004701
Milo (250G),Nestlé,,"COP 8,990.00",bebida-achocolatada-milo-activ-go-doy-pack-250-g-7702024056102--928569
Aromática Manzanilla Hindú,Hindú,,"COP 4,390.00",aromatica-hindu-manzanilla-x-2-0--18-g-7702746030169--84189
Aceitunas (250g),La Coruña,,"COP 6,490.00",aceitunas-la-coruna-250-g-7702312050027--11204
Leche Deslactosada (900ml),Latti,,"COP 3,850.00",leche-deslactosada-descremada-larga-vida-en-tetra-pak-latti-900-ml-12001742
Vino Tinto Carbenet Sauvignon,Quinta Las Cabras,,"COP 15,990.00",
Yogurt Griego De Sabores Surtidos,Latti,,"COP 3,850.00",yogurt-griego-sabores-surtidos-latti-160-g-12002515
Frijoles Cabeza Negra (500g),Olímpica,,"COP 3,620.00",frijol-olimpica-cabeza-negra-500-g-7701008001183-2000160
Carne Molida (1KG),Olímpica,,"COP 25,950.00",res-carne-molida-esp-24010207
Ahuyama (1 KG),Fruvecol,,"COP 3,900.00",
Cebolla Roja (1 KG),Fruvecol,,"COP 5,500.00",
Cebolla Cab Blanca (1 KG),Fruvecol,,"COP 3,800.00",
Cilantro (1 KG),Fruvecol,,"COP 16,000.00",
Corozo (1 UND),Fruvecol,,COP 900.00,
Mandarina (1 KG),Fruvecol,,"COP 8,000.00",
Mazorca (3 UND),Fruvecol,,COP 600.00,
Papa Criolla (1 KG),Fruvecol,,"COP 5,200.00",
Pimentón Rojo (1 KG),Fruvecol,,"COP 9,580.00",
Pepino (1KG),Fruvecol,,"COP 2,400.00",
Pimentón Verde (1 KG),Fruvecol,,"COP 5,000.00",
Piña (1 UND),Fruvecol,,"COP 1,000.00",
Rábanos (1 KG),Fruvecol,,"COP 17,000.00",
Tomate (1 KG),Fruvecol,,"COP 4,600.00",
Coliflor (1 KG),Fruvecol,,"COP 11,400.00",
Yuca (1KG),Fruvecol,,"COP 3,900.00",
Banano Uraba Verde (1 KG),Fruvecol,,"COP 2,900.00",
Zanahoria (1 KG),Fruvecol,,"COP 4,400.00",
Banano (1 KG),Fruvecol,,"COP 2,900.00",
Cábano (4 UND),Viandé,,"COP 2,890.00",
Parfait,Latti,,"COP 4,850.00",parfait-sabores-surtidos-latti-160-gr-12002509
Pimienta Molida (28g),Speciaria,,"COP 1,990.00",
Clavo Entero (20g),Speciaria,,"COP 2,190.00",clavo-entero-speciaria-20-g-12003894
Aceite Spray (180g),Don Olio,,"COP 11,990.00",aceite-spray-canola-don-olio-180-ml-12001562
Deditos De Queso (250g),Backerey,,"COP 7,350.00",dedito-de-queso-backerei-10-und-250-g-12002739
Arepa Con Queso (400g),Masmaí,,"COP 4,690.00",arepa-con-queso-mozzarella-masmai-400-grs-12000030
Spaghetti (500g),Deliziare,,"COP 3,990.00",spaghetti-deliziare-500-g-12000286
Arroz (3KG),Diana,,"COP 14,550.00",arroz-diana-3-kg-7702511000038-518233
Sal (1 Kg),Refisal,,"COP 2,290.00",sal-refisal-1000-g-12002874
Ajo x1,Olímpica,,"COP 14,980.00",ajo
Zuccini,Fruvecol,,"COP 2,000.00",
Azúcar (1Kg),Riopaila,,"COP 4,790.00",azucar-blanca-1000-grs-12000249
Mantequilla Sin Sal (250g),Alpina,,"COP 12,290.00",mantequilla-con-sal-alpina-250-g-12001850
Mantequilla (125g),La Fina,,"COP 2,610.00",margarina-la-fina-125-g-7702161001003-14331
Salchichón Cerveroni (900g),Zenú,,"COP 20,900.00",salchichon-zenu-cerveroni-900-g-7701101246894-1253062
Salchichas Rancheras x14,Ranchera,,"COP 21,900.00",salchicha-ranchera-480-g-7701101247266-1362715
Suero Costeño (400g),Coolechera,,"COP 8,250.00",sueo-costeno-coolechea-pasteuiz-d-pack-7702810003488-736424
Pan Baguette (315g),Olímpica,,"COP 5,500.00",pan-frances-baguet-olimpica-315-g-25060997--35356
Pan De Hamburguesa x6 (525g),Bimbo,,"COP 8,800.00",pan-bimbo-super-hamburguesa-x-6-un-525g-7705326076809--2138839
Pan Súper Perro (400g),Olímpica,,"COP 4,500.00",pan-olimpica-sup-peo-400g-7701008000353-2006635
Galletas Oreo,Oreo,,"COP 12,390.00",galleta-oreo-original-bolsa-432-g-7590011151110--107569
Pony Malta x6 (200ml),Bavaria,,"COP 7,700.00",beb-pony-malta-pet-200-ml--x-6
Crema De Leche (180g),Alquería,,"COP 5,890.00",crem-leche-alqueria-semi-ent-tetra-180g
Azúcar (2.5Kg),Olímpica,,"COP 11,000.00",azucar-refinada-olimpica-2-5-kg-7701008001121-2000152
Sal (1Kg),Refisal,,"COP 2,350.00",sal-refisal-1-kg
Café Molido Descafeinado (250g),Café Sello Rojo,,"COP 14,800.00",cafe-sello-rojos-descafeinado-250-g-7702032252770-79233
Ramen Carne,Maruchan,,"COP 3,500.00",sopa-maruchan-sob-carne-res-85-g-41789002922-1607796
Ramen Pollo (85g),Maruchan,,"COP 3,100.00",sopa-instantanea-maruchan-sobre-sabor-pollo-85-g-41789002915--1607794
Panela (225g),Olímpica,,"COP 1,150.00",panela-olimpica--225-g-7701008188013-2001068
Avena (350g),Olímpica,,"COP 3,100.00",avena-o-hojuel-500-g
Alcaparras En Vinagre (250g),Alfresco,,"COP 5,950.00",alcaparras-vinagre-la-coruna-250-g-7702312090047--11214
Salsa De Tomate (400g),Medalla De Oro,,"COP 4,490.00",salsa-de-tomate-medalla-oro-doy-pack-400-g-7701008505629--1417631
Salsa De Tomate (500g),Zev,,"COP 4,290.00",salsa-de-tomate-zev-500-g-12000266
Mostaza (200g),Zev,,"COP 2,190.00",mostaza-zev-200-g-12000265
Mostaza (200g),Medalla De Oro,,"COP 2,300.00",mostaza-medalla-oro-doy-pack-200-g-7701008506473--1417630
Mayonesa Baja En Grasa (400g),Medalla De Oro,,"COP 8,100.00",mayonesa-medalla-oro-400-g-7701008505636--1388423
Mayonesa Baja En Grasa (500g),Zev,,"COP 3,790.00",mayonesa-baja-en-grasa-zev-500-g-12000305
Ajo x3,D1,,"COP 1,390.00",ajo-malla-3-unidades-100-g-12002709
Salsa De Ajo (155g),La Coruña,,"COP 4,650.00",salsa-ajo-la-coruna-155-g-7702312240237--586556
Fideos (500g),Doria,,"COP 4,100.00",pasta-fideo-doria-500-g-7702085013069--25291
Endulzantes (1Kg),Member's Selection,,"COP 43,900.00",13
Esencia De Vainilla (155ml),Speciaria,,"COP 2,550.00",esencia-de-vainilla-speciaria-155ml-12003758
Limón (1KG),Fruvecol,,"COP 2,192.00",
Polvo Para Hornear (80g),Olímpica,,"COP 7,890.00",polvo-para-hornear-levapan-80-g-7702014592023--679093
Maizena (90g),La Original,,"COP 2,372.00",fecula-maizena-90-g-7702047003466--2005354
Galletas Ducales (241g),Noel,,"COP 5,490.00",galleta-2-tacos-ducales-noel-241-grs-12000096
Galletas Ducales x3 (360g),Noel,,"COP 8,800.00",galleta-ducales-taco-x-3-360-g-7702025126774--776417
Leche Condensada (300g),Latti,,"COP 4,490.00",leche-condensada-en-doypack-latti-300-g-12000929
Leche Condensada (420g),Nestlé,,"COP 10,360.00",leche-condensada-la-lechera-doy-pack-420-g-7702024046554--759812
Queso Bloque (230g),Latti,,"COP 9,890.00",queso-bloque-vita-latti-230-gr-12004571
Gelatina Sin Sabor x4 (30g),Kedeli,,"COP 2,250.00",gelatina-sin-sabor-kedeli-4-und-30-g-12000251
Gelatina Sin Sabor x 4 (30g),Kedeli,,"COP 2,900.00",gelatina-sin-sabor-frutino-30-g-7702354009397--909464
Tomates En Lata,Deliziare,,"COP 4,490.00",tomates-enteros-pelados-deliziare-400-g-12002575
Tomates Cherry (250g),La Giralda,,"COP 9,600.00",tomate-cherry-la-giralda-por-500-g-7701008509337-13012
Rúgula (250g),La Giralda,,"COP 8,980.00",rugula-la-giralda-bandeja--por-250g-7701008657489-13524
Pechuga De Pollo,Pollo Fresco,,"COP 18,500.00",pollo-pechuga-fresca-bandeja-familiar-24019989-2197
Pechuga De Pollo (1.3Kg),Pollo Fiesta,,"COP 17,990.00",pechuga-de-pollo-fiesta-x-1300-g-12003957
Albahaca,Kiska,,"COP 4,980.00",albahaca-fresca-kiska-por--50-gr-19161008046-6773
Pasta De Ajo (110g),Delika,,"COP 2,190.00",pasta-de-ajo-delika-110-g-12004032
Tocineta (200g),Viandé,,"COP 6,590.00",tocineta-tipo-sandwich-viande-200-g-12000770
Whisky Old Parr (750ml),Old Parr,,"COP 145,000.00",whisky-old-parr-12-anos-750-ml-5000281003160-554605
Leche En Polvo Y Crema De Leche (900g),Olímpica,,"COP 9,990.00",leche-polv-olimpica-bsa-380-g
Leche En Polvo (187g),Nestlé,,"COP 7,590.00",leche-polvo-rodeo-187-gr-12004393
Agua,,,COP 0.00,
Hielo,,,COP 0.00,
Cocoa En Polvo (230g),Casa Real,,"COP 5,890.00",cocoa-casa-real-230-g-12000479
Cocoa En Polvo Sin Azúcar (230g),Medalla De Oro,,"COP 5,790.00",cocoa-medalla-de-oro-polv-230g
Jamón De Cerdo En Bloque,Zenú,,"COP 32,900.00",jamon-cerdo-medalla-oo-24458177-899152
Apio (200g),Olímpica,,"COP 2,980.00",apio-hacienda-la-giralda-tallo-por-200g-7701008657144-13415
Galletas x6,Ritz,,"COP 5,400.00",galletas-ritz-bolsa-134-g-7622300116507-1542751
Chocolate Chocolyne En Polvo (100g),Chocolyne,,"COP 5,390.00",chocolate-con-splenda-chocolyne-100-g-12002756
Chocolate Chocolyne Splenda (120g),Chocolyne,,"COP 9,300.00",chocolate-chocolyne-splenda-120-g-7702007033496-819403
Chocolate Chocolyne (108g),Chocolyne,,"COP 9,920.00",chocolate-chocolyne-barra-bolsa-x-18-7702007019032-1552540
Lechuga Batavia (Unidad),Olímpica,,"COP 6,980.00",lechuga-batavia
Lechuga Crespa,Olímpica,,"COP 3,880.00",lechuga-olimpica-verde-crespa-hdroponica-por--180g-7701008507579-10883
Leche De Almendra (1L),Tosh,,"COP 14,500.00",bebida-tosh-almendra-sa-1l
Harina De Almendra (250g),Why Not,,"COP 27,800.00",harina-de-almendra-why-not-250-gr-3028587
Crema De Whisky Baileys Original (700ml),Bailey's,,"COP 72,000.00",crema-de-whisky-baileys-orig-700-ml-5011013100156-1457732
Whisky Jack Daniel's (750ml),Jack Daniel's,,"COP 128,000.00",whisky-jack-dan-750-ml-82184090466-1569062
